{
   "layout":{
      "pages":[
         {
            "id":"Sample IPAM",
            "title":"Sample IPAM endpoint",
            "sections":[
               {
                  "id":"secion_1",
                  "fields":[
                     {
                        "id":"privateKeyId",
                        "display":"textField"
                     },
                     {
                        "id":"privateKey",
                        "display":"passwordField"
                     },
                     {
                        "id":"hostName",
                        "display":"textField"
                     },
                     {
                        "id":"appId",
                        "display":"textField"
                     },
                     {
                        "id":"properties",
                        "display":"datagrid",
                        "state":{
                           "visible":true,
                           "read-only":false,
                           "hidden-fields":[

                           ]
                        }
                     }
                  ]
               }
            ]
         }
      ]
   },
   "schema":{
      "privateKeyId":{
         "type":{
            "dataType":"string"
         },
         "label":"Username",
         "constraints":{
            "required":true
         }
      },
      "privateKey":{
         "label":"Password",
         "type":{
            "dataType":"secureString"
         },
         "constraints":{
            "required":true
         }
      },
      "hostName":{
         "type":{
            "dataType":"string"
         },
         "label":"Hostname",
         "constraints":{
            "required":true
         }
      },
      "appId":{
         "type":{
            "dataType":"string"
         },
         "label":"API Application Id",
         "constraints":{
            "required":true
         }
      },
      "properties":{
         "type":{
            "dataType":"complex",
            "isMultiple":true,
            "fields":[
               {
                  "label":"Key",
                  "id":"prop_key",
                  "type":{
                     "dataType":"string"
                  },
                  "constraints":{

                  }
               },
               {
                  "label":"Value",
                  "id":"prop_value",
                  "type":{
                     "dataType":"string"
                  },
                  "constraints":{

                  }
               }
            ]
         },
         "placeholder":"",
         "default":[
            {
               "prop_key":"SampleIPAM.IPAM.fooConfigProperty",
               "prop_value":"bar"
            }
         ],
         "constraints":{

         }
      }
   },
   "options":{

   }
}
